price,bed,bath,acre_lot,city,house_size
560000,3,2,0.21,Cheyenne,3094
318000,3,4,0.09,Cheyenne,576
246000,2,2,0.05,Cheyenne,1550
499000,2,2,2.01,Laramie,1514
349000,3,2,0.07,Cheyenne,1899
595000,4,3,10.97,Dubois,2648
219900,4,3,0.29,Gillette,2280
289900,4,3,0.32,Moorcroft,2456
339900,3,2,0.74,Gillette,1656
355000,5,3,0.19,Gillette,2720
404900,3,3,0.11,Mills,2432
1500000,3,3,81.47,Ucross,2640
210000,2,2,0.32,Newcastle,2036
242000,6,3,1,Douglas,2784
179900,3,2,0.16,Kemmerer,1406
449000,4,4,0.5,Burlington,3030
269000,3,3,0.13,Casper,2806
850000,5,3,40.1,Upton,3626
329000,4,2,2.3,Lander,2128
420000,5,3,0.23,Cheyenne,2888
319000,3,2,0.2,Casper,2506
3000000,7,6,5,Bedford,10041
229000,4,3,0.13,Buffalo,3072
255000,2,1,0.21,Cody,720
225000,4,2,0.2,Torrington,2208
259500,5,2,0.21,Torrington,1836
699000,3,2,10.06,Daniel,2489
437500,2,2,0.11,Alpine,1145
440000,4,2,8.8,Cheyenne,1800
412500,4,3,0.99,Dubois,2269
5800000,4,2,7.01,Wilson,2780
475000,3,2,0.93,Newcastle,1620
75000,3,1,0.16,Fort Laramie,1276
619395,3,2,0.2,Cheyenne,3402
650000,3,2,35.3,Cody,1584
259900,4,3,0.23,Gillette,1988
209000,3,2,0.2,Wheatland,1788
555950,3,2,0.23,Cheyenne,3156
599000,3,2,0.66,Star Valley Ranch,1468
210000,3,2,0.13,Riverton,1359
1995000,3,2,942,Kinnear,1875
225000,3,2,0.04,Casper,1938
330000,3,2,0.14,Lander,1388
799000,3,3,5.98,Lander,2016
539900,5,4,0.36,Laramie,3195
242500,6,3,0.18,Gillette,2200
215000,3,2,5.14,Gillette,1512
222000,3,2,0.05,Cheyenne,1068
350000,5,3,0.18,Cheyenne,2208
829900,5,4,1.1,Wright,6328
128000,3,2,0.11,Newcastle,2072
225000,3,1,0.12,Cheyenne,1563
199900,3,2,0.15,Newcastle,2157
8890000,4,4,0.17,Jackson,4541
572400,3,2,12,Carpenter,3016
319000,3,2,1.76,Byron,1912
1250000,3,2,4.77,Cody,2882
800000,12,8,0.31,Cheyenne,3976
468300,3,2,0.19,Cheyenne,3216
339000,4,2,0.18,Cheyenne,2368
550000,5,3,2.68,Pinedale,2696
224900,3,2,0.16,Torrington,1036
664900,3,2,0.21,Cheyenne,3532
540000,3,2,0.35,Cheyenne,3488
449000,2,2,0.19,Laramie,3204
249900,3,2,5.25,Gillette,1836
99500,2,1,0.17,Wheatland,1120
320000,4,3,0.29,Gillette,2432
2995000,4,3,0.08,Jackson,2367
520000,4,2,0.26,Cody,1928
2875000,1,1,957,Powell,4608
339900,4,3,0.17,Cheyenne,2392
129000,3,2,0.15,Douglas,1280
980000,4,5,190.07,Evansville,4588
330000,4,3,0.2,Gillette,2336
1250000,3,2,358,Lovell,1672
179900,3,2,0.17,Gillette,1242
830000,6,6,2.79,Cheyenne,13839
598000,4,3,35,Yoder,2494
292000,2,3,10,Laramie,1470
2875000,6,2,1589,Hulett,3364
580000,3,2,5.52,Cheyenne,3767
349000,4,2,0.16,Cody,1568
650000,5,3,5.5,Cheyenne,2998
292000,3,1,0.87,Sheridan,1500
328000,4,3,0.4,Gillette,2426
269900,2,1,10.25,Moorcroft,1100
885000,4,2,20.6,Lander,2849
396500,4,3,0.2,Casper,2866
265000,3,2,0.3,Wheatland,3090
675000,3,2,6.57,Lander,1600
485000,3,2,0.11,Cheyenne,2930
3295000,2,3,15.65,Bondurant,2888
259000,3,2,5,Rozet,1296
825000,3,2,11.05,Encampment,1680
358900,3,3,0.13,Cheyenne,2568
320000,3,2,0.79,Pine Haven,1344
437747,4,3,0.43,Gillette,3654
290000,3,2,1.16,Buffalo,1456
8500000,4,5,2.59,Jackson,8660
1949999,3,2,0.23,Jackson,1188
240000,2,2,0.08,Laramie,1240
230000,2,1,0.1,Cheyenne,1260
195000,4,2,0.13,Casper,1385
429900,5,4,1.61,Pine Haven,3360
489400,2,2,13,Carpenter,2496
139000,2,2,0.34,Glenrock,1700
429995,11,7,1.25,Mills,4240
172900,3,1,0.16,Moorcroft,1462
1700000,16,8,0.3,Buffalo,7600
470000,4,3,4,Laramie,3272
245000,5,2,0.14,Douglas,1955
350000,5,2,0.22,Cheyenne,2040
150000,2,2,0.25,Lovell,1684
475000,4,3,2.89,Cheyenne,2400
1200000,6,4,8.85,Cheyenne,4498
204900,4,2,0.29,Sinclair,2812
255000,3,2,0.19,Thermopolis,1876
334900,3,2,0.32,Sheridan,2400
315000,2,2,5.48,Pavillion,2076
490000,1,2,15.66,Clark,1600
475000,4,2,1.38,Laramie,2908
890000,6,4,0.26,Cody,4214
199900,4,2,0.16,Gillette,2096
150000,2,1,0.26,Big Piney,1220
98000,2,1,0.13,Rawlins,1924
149500,1,1,0.07,Laramie,798
229900,1,2,0.15,Cheyenne,960
95000,3,2,4,Bairoil,1960
810000,5,3,0.44,Cody,3786
293000,3,2,0.13,Cheyenne,1632
82500,1,1,0.1,Rock Springs,576
339900,3,3,0.07,Cheyenne,2359
595000,3,2,4.53,Cheyenne,3016
535000,3,2,2.88,Casper,1710
829900,5,4,41.74,Laramie,3900
285000,3,3,0.22,Gillette,1876
845000,4,4,0.03,Cody,2664
224900,4,2,0.15,Green River,2568
259900,3,2,0.22,Gillette,1884
199000,2,1,0.24,Sheridan,1100
360000,3,2,0.32,Riverton,2146
1600000,2,2,2.05,Torrington,3280
597000,6,3,41.44,Thermopolis,2826
549000,3,2,4.46,Lander,2197
310000,3,2,0.15,Cheyenne,2740
597500,5,4,2.5,Cheyenne,3276
289000,4,3,0.2,Green River,2370
259900,3,2,0.45,Newcastle,2240
224900,3,2,0.43,Pine Haven,2030
264900,3,2,0.18,Kemmerer,2952
439900,5,3,0.14,Cheyenne,2860
299000,3,2,0.21,Saratoga,1782
6900000,6,5,20,Bedford,7286
285000,3,2,0.23,Cheyenne,1600
100000,2,1,0.1,Kemmerer,880
688890,3,2,5.99,Cheyenne,4292
749000,4,4,3.99,Etna,3060
355000,4,3,0.32,Cheyenne,2500
3200000,3,4,67.2,Dubois,3480
370000,4,4,0.2,Casper,3256
1550000,2,1,40,Buffalo,1400
500000,4,2,39.96,Thermopolis,1976
150000,3,3,0.04,Gillette,1312
155000,2,1,0.23,Glenrock,870
499900,2,2,20.06,Clark,2118
175000,3,1,0.44,Wheatland,1728
246000,2,3,0.05,Cheyenne,1550
179000,5,2,0.32,Fort Laramie,2580
599000,3,3,0.25,Powell,1825
349000,4,3,0.13,Cheyenne,2096
603000,3,3,0.05,Sheridan,1781
409500,5,4,0.24,Rawlins,3224
85000,2,1,0.09,Rock Springs,804
277900,3,2,0.6,Wright,2480
104500,2,1,0.19,Douglas,870
230000,3,2,0.2,Basin,1584
295000,3,2,1.16,Auburn,2056
1795000,4,2,0.2,Jackson,3990
1250000,5,4,240,Burlington,4200
749000,3,3,2.34,Powell,3350
450000,3,2,9.59,Daniel,2280
725000,8,6,0.26,Encampment,7340
419900,4,4,0.18,Gillette,3336
845000,2,2,0.04,Jackson,841
225000,3,2,0.16,Casper,1834
640000,5,4,0.18,Cheyenne,3877
950000,4,3,0.54,Casper,4396
899000,4,1,43.95,Etna,1575
665000,3,2,5.84,Cheyenne,3618
163000,3,2,0.25,Fort Bridger,1536
449000,4,2,3,Torrington,2448
225000,7,3,0.29,Medicine Bow,2707
575496,3,3,35.06,Cheyenne,3328
310000,4,2,0.14,Cheyenne,1816
129000,2,1,0.08,Gillette,1353
349000,4,2,0.23,Cheyenne,2510
725000,4,3,3.2,Cody,2912
460000,3,2,0.13,Cheyenne,2168
314900,3,2,5.08,Gillette,2264
430000,4,3,0.25,Cheyenne,2354
158000,3,3,0.11,Gillette,1316
690000,4,4,1,Cody,4107
750000,3,3,12.08,Glenrock,2435
850000,4,4,6.12,Lander,3615
329500,3,3,0.08,Laramie,2046
185000,4,2,0.24,Wright,1936
299000,3,2,0.19,Cheyenne,2028
395000,4,3,5.89,Cheyenne,2202
118000,2,1,0.16,Rawlins,777
270000,4,2,0.37,Lyman,2495
230000,2,1,0.22,Sheridan,722
695000,3,3,0.34,Evanston,4080
255000,2,2,0.11,Cheyenne,1104
869900,4,3,35.26,Cody,3348
165000,3,3,0.03,Guernsey,1140
137000,2,2,0.16,Greybull,1112
699000,4,2,1.25,Afton,3240
190000,4,2,0.62,Marbleton,1848
309000,3,2,0.16,Sheridan,2190
699000,4,4,0.24,Afton,3732
380000,4,4,0.14,Cheyenne,2184
659000,3,4,0.65,Sheridan,2146
339000,3,2,0.28,Lander,1544
375000,6,6,4.13,Lysite,2304
1077000,5,4,4.82,Cheyenne,4542
149900,2,2,0.2,Rawlins,1401
609000,4,3,5.24,Cheyenne,3212
585000,4,3,0.13,Cheyenne,2928
330000,4,3,0.12,Cheyenne,1704
495000,2,2,0.11,Alpine,1145
342000,3,2,0.22,Rawlins,2128
539900,6,3,4.16,Cheyenne,3960
245000,3,2,0.46,Gillette,1400
585000,4,3,0.24,Cheyenne,3164
144900,4,2,0.11,Rawlins,2790
349000,4,3,5,Worland,2998
720098,3,3,5.25,Cheyenne,3652
50000,2,1,0.16,Greybull,819
443500,2,2,0.11,Alpine,1145
164900,3,2,0.16,Wheatland,1824
625000,3,2,40,Atlantic City,4777
495000,2,2,0.11,Alpine,1145
125000,3,1,0.4,Deaver,2405
91900,3,2,0.06,Rock Springs,1452
254900,4,3,0.22,Gillette,2052
4600000,2,2,7.3,Freedom,1800
225000,2,1,0.94,Otto,768
690000,5,3,2.51,Newcastle,5376
99900,2,2,0.21,Riverton,1194
1455000,5,4,12.83,Rock Springs,3568
4900000,4,5,15.97,Sheridan,9235
135000,3,1,0.14,Newcastle,1044
250000,2,2,0.07,Cheyenne,1349
375000,4,1,0.13,Laramie,3031
320000,5,3,0.63,Lusk,3900
795000,2,2,1.17,Star Valley Ranch,1789
235000,4,3,1,Gillette,1580
175000,4,2,0.22,Rock Springs,2794
358900,3,3,0.13,Cheyenne,2568
279000,10,5,0.25,Rawlins,3444
380000,4,2,2.5,Rolling Hills,1872
130000,3,2,5.07,Gillette,2210
259000,5,3,0.17,Green River,2288
175000,2,1,0.15,Glendo,1271
268900,3,2,0.23,Gillette,1282
699900,5,3,3.1,Gillette,4032
65500,2,1,0.27,Riverton,792
1550000,2,1,40,Buffalo,1565
119900,3,1,0.13,Sinclair,2172
625000,3,2,0.41,Cody,3910
180000,3,2,0.24,Casper,1781
375000,5,3,0.19,Cheyenne,3304
585000,3,3,40,Upton,2016
425000,3,2,2.35,Thermopolis,2212
825000,5,4,3,Evanston,4447
498500,4,2,78,Burlington,2348
339900,3,2,0.58,Gillette,1656
495000,4,3,3.03,Cheyenne,2548
399000,4,3,0.18,Rock Springs,2735
315000,4,3,0.37,Gillette,2576
275000,2,2,0.66,Pinedale,938
525000,4,3,0.19,Cheyenne,3092
199900,4,2,0.18,Gillette,1956
400000,4,3,1.08,Torrington,2000
1650000,4,3,9.66,Dubois,2725
995000,15,10,2.32,Mills,6960
245000,3,2,0.16,Gillette,2680
489000,3,2,0.43,Thayne,1380
379900,2,2,0.34,Story,1160
400000,3,2,2.61,Cheyenne,1817
4700000,4,3,0.6,Jackson,3918
194900,4,2,0.14,Green River,1470
428500,4,4,0.19,Gillette,2354
545000,4,3,3.01,Cheyenne,2828
415000,1,1,20,Burns,1120
360000,4,2,0.26,Cheyenne,2156
290000,3,1,0.26,Cheyenne,905
199500,5,4,0.16,Wheatland,2832
220000,3,2,1.2,Shoshoni,1512
454900,5,4,0.1,Laramie,3780
123000,2,2,7.54,Big Piney,840
410000,3,2,0.23,Cody,1962
350000,4,2,0.24,Sheridan,2504
1850000,4,4,0.9,Sheridan,5406
580000,4,3,69,Laramie,3088
950000,5,3,74.98,Carlile,3760
187000,2,1,0.46,Frannie,1080
475000,2,2,0.11,Alpine,1145
250000,2,1,0.1,Sheridan,799
185000,2,2,0.14,Thermopolis,1462
140000,2,1,0.14,Rock Springs,2016
309000,4,2,5.01,Rozet,2052
694712,6,3,35,Cheyenne,3438
209900,3,3,0.17,Gillette,1688
560000,3,2,4.55,Cheyenne,3446
11000000,1,2,3888,Cody,3450
198950,3,2,0.17,Douglas,1875
142000,3,2,0.06,Rawlins,1680
600000,5,4,2.18,Cokeville,3404
259900,3,2,5.1,Gillette,1836
280000,3,2,0.9,Boulder,1568
350000,4,2,0.22,Green River,1760
505900,3,3,0.21,Casper,2867
345000,4,4,0.18,Cheyenne,2050
199000,2,2,0.14,Rock Springs,1920
149900,2,1,0.14,Meeteetse,1020
155500,3,2,0.28,La Barge,1475
1450000,4,2,118,Big Piney,2232
349000,4,2,0.92,Boulder,2208
340000,4,2,0.13,Cheyenne,1960
255000,3,2,0.32,Pine Haven,1395
725000,5,4,0.3,Casper,4230
2625000,2,2,0.17,Jackson,1280
495000,3,2,2.7,Dubois,3456
795000,3,3,32.75,Sundance,3320
410000,2,1,60,Big Piney,1606
420000,4,2,0.21,Laramie,1737
375500,3,3,0.07,Cheyenne,2359
3795000,4,5,0.85,Jackson,3272
765000,4,3,3.08,Cody,2760
486000,5,3,1.87,Douglas,4136
899900,3,3,17.8,Buffalo,2760
140000,3,2,0.14,Rawlins,1476
423700,5,3,0.21,Thermopolis,3600
299500,4,2,0.24,Sundance,2152
697000,3,2,8.1,Cheyenne,4292
170000,2,2,1,Gillette,1612
185000,3,2,4.68,Casper,1500
640000,3,2,4.76,Cheyenne,3452
1085000,6,3,10,Thayne,4205
325000,2,1,2.2,Story,868
559900,3,3,0.19,Powell,2010
495000,2,2,0.91,Star Valley Ranch,1164
600000,5,5,20,Cheyenne,6762
275000,2,2,4.24,Parkman,1050
185000,2,1,0.17,Rawlins,914
225000,4,2,0.17,Buffalo,1956
250000,3,1,3.8,Pinedale,1288
585000,4,4,0.3,Cheyenne,4659
350000,3,3,0.02,Cheyenne,1780
619000,4,3,9.92,Thayne,2044
99000,3,2,0.48,Yoder,2080
85000,3,2,0.06,Gillette,912
362843,2,2,35.29,Cheyenne,2060
295000,5,2,0.32,Pine Bluffs,3450
399900,3,3,0.13,Cheyenne,2568
299900,3,2,0.21,Pinedale,1500
485000,2,2,2.01,Laramie,1575
475000,3,2,0.17,Lander,1600
325000,3,2,0.14,Cheyenne,2136
203900,4,3,0.14,Rock Springs,2464
865000,5,3,0.91,Star Valley Ranch,3726
640000,6,4,0.17,Sheridan,3986
415000,5,3,0.18,Cheyenne,2145
175900,3,2,0.21,Gillette,1630
290000,3,2,0.12,Laramie,1320
354000,4,2,0.16,Cheyenne,1728
454000,5,2,0.13,Cheyenne,2886
199900,3,2,0.11,Evanston,1896
415000,3,3,0.32,Mills,3070
649000,3,2,0.27,Sheridan,1750
650000,1,1,36.07,Sundance,900
165000,3,2,0.13,Mills,1568
1495000,3,4,43.95,Devils Tower,3958
129900,5,3,0.1,Wright,1986
289900,3,2,3.82,Parkman,1216
2350000,4,2,0.17,Jackson,1622
9452500,4,5,0.61,Jackson,4975
385000,4,3,0.25,Sheridan,2592
340000,4,2,0.16,Cheyenne,1547
295000,7,5,0.26,Rock Springs,3668
989000,8,6,0.38,Evanston,7334
350000,4,3,0.21,Cheyenne,1913
326500,3,2,0.41,Ranchester,1680
289000,10,6,0.27,Rawlins,3579
481700,3,2,0.29,Cheyenne,2888
270000,5,2,0.2,Wheatland,2376
313000,6,3,0.28,Sheridan,3200
1250000,4,3,2.47,Etna,4068
125000,1,1,0.05,Thayne,363
551400,3,2,0.22,Cheyenne,3002
320000,4,3,0.16,Gillette,2026
349900,4,3,1.04,Gillette,2756
345000,3,2,0.17,Buffalo,1590
749900,6,4,1.03,Gillette,5814
197000,3,2,0.21,Worland,1660
100000,4,2,0.5,Hanna,2052
109000,3,2,0.14,Casper,1007
260000,3,2,0.43,Gillette,1404
799000,5,5,0.61,Cheyenne,4272
3500000,7,5,128.54,Cody,4662
179900,3,2,0.14,Rawlins,1806
299000,2,2,0.17,Buffalo,1136
10000,2,1,0.24,Midwest,873
4200000,4,4,0.56,Jackson,4746
448000,5,4,0.21,Gillette,3660
462000,4,2,3.5,Riverton,2480
400000,4,2,19.98,Wright,1820
400000,3,2,10,Casper,1820
1195000,5,4,367,Jay Em,4704
999000,3,2,129.65,Moorcroft,2094
97000,2,1,0.16,Greybull,1443
179000,3,2,0.29,Riverton,1384
250000,3,2,0.77,Moorcroft,2046
585000,4,3,0.13,Cheyenne,2928
299900,3,2,0.1,Laramie,2480
5449500,6,7,10,Cora,7620
375000,4,2,0.28,Saratoga,1734
160000,5,1,0.17,Torrington,1728
759000,5,3,1,Grover,3733
300000,4,3,0.47,Guernsey,1566
145000,4,3,0.06,Wright,1690
219999,4,1,1.09,Egbert,2016
340000,3,2,0.16,Cheyenne,2076
250000,4,4,0.16,Wheatland,2922
238000,4,3,0.29,Lusk,2766
350000,5,2,2.5,Torrington,2841
195000,3,2,0.18,Gillette,1920
429900,5,2,1.21,Cheyenne,2486
549900,2,2,0.2,Cheyenne,2782
575000,4,4,35.2,Gillette,2800
160000,3,2,0.19,Lusk,2416
379000,4,3,0.26,Encampment,2780
146000,3,2,2.5,Gillette,1596
405000,4,3,0.11,Laramie,3128
230000,3,2,0.11,Cheyenne,1514
895000,3,4,3,Torrington,2400
155000,3,2,0.1,Sundance,1140
312500,3,1,0.1,Laramie,1728
499000,4,4,0.18,Sheridan,2478
429500,3,3,0.19,Cody,3116
358900,3,3,0.13,Cheyenne,2568
149000,2,2,0.08,Green River,1028
330000,3,1,2.5,Cheyenne,1932
224900,4,2,0.07,Gillette,1872
274500,3,3,0.19,Douglas,1908
14750000,4,4,6.12,Alpine,4357
850000,4,4,25.94,Powell,3330
319000,4,2,0.05,Saratoga,1356
689000,5,3,9.3,Cheyenne,4076
1295000,4,3,5.03,Sheridan,3842
372900,4,3,0.2,Cheyenne,2320
655000,3,2,4.89,Cheyenne,3446
389000,5,2,0.25,Cody,2352
700000,3,2,155.65,Recluse,1620
279000,3,2,12.26,Gillette,1960
649900,3,2,35.14,Clark,1520
135000,4,3,0.17,Hanna,2304
187500,3,2,0.12,Torrington,2248
450000,4,3,0.11,Gillette,4072
499900,4,3,0.24,Cheyenne,2836
1995000,3,2,2.5,Alta,1728
13950000,6,9,0.55,Teton Village,8577
570000,3,3,8.87,Laramie,2575
339900,4,3,0.22,Rock Springs,3076
529500,6,3,1.86,Riverton,2970
564430,4,3,0.19,Cheyenne,3071
365000,3,2,0.16,Cheyenne,1728
339000,3,3,0.12,Cheyenne,2470
465000,3,2,0.23,Cheyenne,3024
185000,3,2,78.69,Kaycee,1120
200000,4,2,0.19,Thermopolis,2100
169000,3,2,0.21,Cheyenne,1120
286000,3,1,0.28,Buffalo,1176
147500,4,3,0.1,Rock Springs,2084
197000,3,1,0.31,Dubois,1300
725000,2,2,3.04,Dubois,1312
369900,2,2,0.26,Sheridan,1298
599000,2,2,0.66,Star Valley Ranch,1875
189900,2,1,0.16,Gillette,1224
439000,4,3,0.19,Cody,2592
659000,3,3,2.08,Casper,3500
245000,2,2,0.17,Gillette,2548
610000,4,3,13.7,Crowheart,2383
266630,6,3,0.17,Sinclair,3090
350000,3,2,0.17,Laramie,1488
550000,5,3,0.15,Glendo,3360
272000,3,2,0.26,Rawlins,2736
275000,4,2,0.16,Wheatland,2220
1078000,2,2,61,Buffalo,5127
437370,3,2,35.01,Cheyenne,3010
79000,3,2,0.51,Lusk,2640
488650,3,3,35.01,Cheyenne,3124
845000,4,4,0.03,Cody,2664
339000,4,3,0.16,Cheyenne,2806
640000,5,2,0.28,Sheridan,4510
5100000,4,3,1,Wilson,3086
699000,4,4,2.22,Cheyenne,3664
525000,4,4,0.19,Casper,3486
565310,4,3,35,Carpenter,3010
425000,5,3,0.21,Cheyenne,2086
430000,4,3,0.19,Cheyenne,3561
565000,4,3,6.27,Banner,3298
270000,3,3,0.19,Gillette,1817
149800,5,2,0.25,Rawlins,1976
365000,3,2,0.23,Cheyenne,2067
975000,5,6,0.39,Laramie,7129
485000,3,2,5,Lander,1525
495000,2,1,0.6,Alpine,1172
875000,3,3,1.05,Lander,2128
604700,3,2,0.19,Cheyenne,3600
235000,3,2,0.25,Burns,1786
569000,3,2,0.26,Cody,1929
180000,4,3,0.16,Worland,2002
383000,4,4,0.33,Gillette,2736
495000,2,2,0.11,Alpine,1145
201000,1,1,0.17,Sheridan,748
3650000,3,3,0.5,Jackson,2195
339000,4,2,0.19,Cheyenne,2160
5750000,4,5,3.3,Jackson,3765
1400000,5,6,35,Laramie,6708
149900,3,1,0.61,Newcastle,2100
344000,5,3,0.37,Dubois,3100
7300000,4,6,2.65,Jackson,6293
410000,3,2,0.08,Cheyenne,1640
258000,3,2,0.27,Lovell,1850
360000,4,2,0.19,Cheyenne,1850
299900,4,3,5.01,Rozet,2356
5250000,5,5,742,Clark,6902
580000,4,3,1.47,Cheyenne,3334
370000,4,3,0.15,Mills,2612
225000,4,2,0.16,Riverton,1978
659000,3,4,0.65,Sheridan,2146
295000,3,1,0.22,Cody,1008
198900,3,2,0.14,Riverton,1230
605750,3,2,0.19,Cheyenne,3156
675000,3,2,5.5,Cheyenne,3410
114000,2,1,0.06,Rawlins,1585
2750000,8,8,0.39,Alpine,3858
325000,3,1,0.1,Cheyenne,1161
595500,6,5,11.7,Cheyenne,6650
519000,3,2,0.22,Thayne,1496
6750000,4,3,1.52,Wilson,4121
135000,4,2,0.29,Lusk,2852
649500,5,2,3.78,Sheridan,1200
159900,2,1,0.12,Casper,904
6500000,5,4,0.52,Teton Village,3552
129900,2,1,0.13,Cheyenne,714
425000,4,2,0.94,Newcastle,2430
190000,1,1,0.16,Powell,768
199500,3,1,0.16,Torrington,2736
442300,3,2,35.36,Cheyenne,3010
254900,3,2,1.87,Newcastle,1926
237000,4,2,0.11,Gillette,2160
225000,3,3,0.24,Douglas,2317
599000,4,3,0.5,Star Valley Ranch,3120
2600000,4,2,58.11,Casper,4968
599900,2,2,5.03,Cody,2100
221900,3,2,0.18,Douglas,2120
799000,5,4,2.24,Etna,3128
299900,4,3,0.2,Gillette,2240
1100000,4,3,0.19,Cheyenne,5152
189900,2,2,0.22,Gillette,2112
398000,3,2,2,Grover,1201
885000,5,5,4.12,Riverton,6128
325000,3,2,0.14,Cheyenne,1830
255000,3,2,0.18,Gillette,1750
799000,3,2,3.19,Cody,1901
2950000,3,3,0.33,Jackson,2942
360000,4,2,10.98,Riverton,2356
1295000,4,5,4.35,Casper,5003
523950,2,3,0.07,Sheridan,1315
299500,4,3,0.27,Kemmerer,2646
330000,2,2,0.53,Riverside,989
139900,2,1,0.2,Rawlins,2022
367900,4,3,0.21,Mills,2526
4625000,3,2,0.34,Jackson,1730
115000,3,2,0.16,Wheatland,960
629000,5,3,1.28,Story,2624
165000,2,2,0.16,Gillette,960
2500000,4,2,40,Cody,3024
689000,7,4,80,Guernsey,4016
220000,2,1,0.17,Buffalo,754
395500,2,2,7.15,Cheyenne,2496
325000,3,2,0.32,Riverton,1827
425000,4,3,0.27,Cheyenne,2535
2695000,3,3,0.04,Jackson,2318
398000,3,2,0.21,Powell,2208
429000,3,3,0.21,Cody,3000
1100000,2,1,24.09,Evanston,896
164000,2,1,0.16,Lovell,612
270000,3,2,7.87,Big Piney,1560
495000,3,3,0.14,Cheyenne,2930
250000,3,2,1,Newcastle,1793
630000,4,3,0.6,Casper,2464
379000,5,3,0.21,Gillette,3100
885000,4,4,0.03,Cody,2667
999000,3,2,129.65,Moorcroft,2094
2500000,3,2,0.33,Jackson,1872
2900000,3,4,17.05,Cody,3174
350000,5,3,0.17,Rock Springs,1806
197000,2,1,0.21,Mills,896
495000,4,3,9.09,Cheyenne,2560
715000,5,3,83.5,Riverton,2610
415000,3,2,5,Pavillion,2336
846000,3,3,7.55,Cheyenne,4903
457500,2,2,0.11,Alpine,1145
520000,11,7,0.51,Glenrock,4692
399500,1,1,2.07,Sheridan,1121
420000,3,2,0.24,Cheyenne,2623
505000,3,3,0.15,Cheyenne,2288
278000,3,2,4.7,Baggs,1250
429900,3,2,6.11,Gillette,3306
299000,5,2,0.16,Casper,2128
240000,3,2,0.22,Douglas,1501
860200,5,4,4.89,Cheyenne,3935
63500,2,1,0.32,Shoshoni,1156
469000,3,2,0.21,Thayne,1337
269900,3,3,0.15,Guernsey,2005
425000,4,2,1.54,Powell,1680
289000,2,2,0.16,Powell,1680
200000,3,1,40.79,Gillette,1575
529500,3,3,2.88,Laramie,1870
174500,2,2,0.13,Newcastle,2580
330000,3,3,0.09,Laramie,1782
209900,3,2,0.27,Gillette,1404
345000,4,2,0.2,Cheyenne,1562
160000,3,2,0.09,Rock Springs,1872
1800000,4,1,82,Sundance,2139
548000,4,3,5,Sheridan,2400
218000,3,1,0.19,Worland,1056
490000,4,3,0.18,Cody,2607
370000,7,3,0.17,Sinclair,4400
600000,4,3,0.13,Cheyenne,2928
224900,2,2,0.13,Thermopolis,1042
495000,2,2,0.11,Alpine,1145
485000,3,1,1.06,Cody,1147
469000,3,2,0.21,Thayne,1337
340000,3,2,0.17,Cheyenne,1416
320000,3,3,0.11,Sheridan,1566
320000,3,3,0.11,Sheridan,1566
7900000,4,3,3563.31,Gillette,5250
695000,3,3,6,Powell,2304
1410330,4,5,11.05,Cheyenne,5237
169000,3,2,0.16,Newcastle,1358
4750000,3,4,3.39,Cody,4302
140000,4,3,0.14,Rock Springs,1456
190000,4,2,0.16,Wheatland,1720
339000,4,2,0.12,Sheridan,2576
975000,4,3,35,Lander,2700
435000,5,3,0.15,Cheyenne,2492
1300000,7,5,9.49,Etna,4520
280000,3,1,0.08,Kemmerer,1332
185000,3,2,0.13,Rawlins,1480
11995000,5,7,5.09,Jackson,7378
499000,4,3,30.31,Pavillion,4148
357000,4,2,0.31,Laramie,1788
139900,3,2,0.17,Cheyenne,1120
479900,5,3,8.3,Gillette,3534
399900,5,3,0.2,Gillette,2678
750000,3,2,160,Big Piney,2052
394900,3,2,0.16,Gillette,3002
876500,5,4,7.06,Riverton,3835
245000,2,1,0.16,Cheyenne,900
402110,3,2,0.18,Laramie,2880
499000,3,2,10.3,Cody,1680
2500000,3,2,592,Laramie,1967
3300000,4,3,0.39,Jackson,2688
219000,5,3,0.16,Green River,2184
3100000,2,3,0.03,Jackson,1533
385000,3,2,40,Kaycee,1484
575000,4,2,0.32,Pinedale,1893
545000,3,3,0.2,Sheridan,2906
210000,3,1,0.13,Cheyenne,1464
235000,4,2,0.01,Rawlins,2632
535000,4,4,0.26,Cheyenne,2997
322000,4,3,0.41,Gillette,2160
179900,4,2,0.39,Big Piney,2495
598973,5,3,0.23,Cheyenne,3032
335000,2,2,0.09,Cheyenne,1218
326400,3,2,0.26,Mills,2672
1200000,3,3,5.76,Powell,1762
123000,3,3,0.01,Green River,1350
695000,5,3,0.33,Thermopolis,4497
1400000,4,3,40.14,Merna,2635
3950000,2,3,0.03,Jackson,1729
320000,3,3,0.11,Sheridan,1566
209900,2,1,0.16,Rock Springs,2240
616500,3,2,6.35,Cheyenne,3714
40000,1,1,0.14,Lusk,1018
700000,3,2,10.5,Daniel,2400
995000,4,3,0.7,Star Valley Ranch,2780
19500000,4,5,48.89,Wilson,8075
329000,2,2,0.1,Cheyenne,2440
320000,4,2,0.21,Cheyenne,1920
210000,3,3,0.18,Gillette,1448
1700000,6,5,18.5,Casper,5372
475000,3,2,1.35,Powell,2080
430000,2,2,4.63,Cheyenne,1484
785000,5,4,4.77,Cheyenne,2988
510000,5,3,6.47,Cheyenne,2780
155000,3,1,0.32,Mountain View,1200
154900,3,3,0.05,Gillette,1256
4825000,5,6,0.55,Jackson,3900
295000,3,2,3.76,Riverton,2280
435000,4,3,0.19,Cody,1976
3895000,6,5,0.07,Jackson,4029
275000,2,1,0.03,Cheyenne,1102
1999000,4,2,0.17,Jackson,1976
269000,4,3,0.17,Douglas,2208
367500,3,3,0.2,Powell,1484
555000,4,4,0.16,Cheyenne,3475
515000,3,2,0.16,Cheyenne,2973
320000,3,2,0.08,Cheyenne,1543
305000,4,3,0.25,Green River,1872
159900,3,2,0.31,Pine Haven,1200
435000,4,3,0.2,Laramie,2112
289900,3,2,3.82,Dayton,1216
137500,4,2,0.18,Meeteetse,2048
636400,5,3,22,Cheyenne,3322
199900,3,1,0.15,Rawlins,1910
669000,4,2,16.58,Riverton,2290
330000,4,2,0.32,Basin,2384
400000,4,3,0.18,Casper,3096
495000,4,3,60,Pine Bluffs,2264
429900,4,3,0.21,Gillette,3408
428380,3,2,0.3,Buffalo,1531
220000,5,2,0.19,Riverton,2691
453500,2,2,0.11,Alpine,1145
145000,3,2,0.21,Wright,1625
523950,2,2,0.07,Sheridan,1315
398000,4,2,6.14,Powell,2318
437500,2,2,0.11,Alpine,1145
420000,4,3,0.21,Cheyenne,3385
320000,3,2,0.15,Chugwater,1400
529000,3,2,1.3,Afton,2019
403900,3,3,0.11,Mills,2452
375000,3,2,0.07,Cheyenne,2398
795000,3,4,7.72,Moorcroft,3166
3195000,3,3,0.04,Teton Village,1687
130000,3,1,0.16,Kemmerer,1756
345000,3,2,0.23,Cheyenne,3334
650000,4,2,8.36,Cheyenne,3680
599750,3,2,0.2,Cheyenne,3002
265000,3,3,0.2,Torrington,2058
649000,3,2,26.62,Kaycee,2160
339000,3,2,0.21,Sheridan,1408
155000,2,1,1.04,Riverton,2392
275000,3,2,0.16,Gillette,2550
130000,3,2,0.22,Torrington,1320
329000,4,2,4.97,Kinnear,1728
71500,3,1,0.1,Riverton,800
425000,2,1,0.49,Torrington,1100
439900,4,3,0.19,Cheyenne,3052
85000,2,1,0.17,Kaycee,851
975000,6,5,2.68,Riverton,6366
478000,3,3,0.18,Casper,1750
740000,3,3,8.32,Cheyenne,3786
1500000,3,4,12.08,Cody,3609
295000,3,1,2.4,Powell,1050
950000,5,3,0.42,Thermopolis,2964
3750000,3,2,3.86,Alpine,2224
349000,5,3,0.19,Gillette,2782
183500,3,2,0.2,Rawlins,2328
595000,3,2,4.81,Cheyenne,3140
800000,3,2,34.8,Cheyenne,2847
315000,4,2,0.15,Sheridan,1585
459900,3,2,1.2,Cheyenne,3156
230000,4,2,0.16,Sundance,1704
695000,5,4,0.18,Douglas,5270
139900,2,2,0.2,Newcastle,1768
1400000,4,3,39.1,Evanston,5268
295000,2,2,0.08,Cheyenne,2668
750000,4,4,27.52,Lander,2530
328900,3,2,0.34,Sundance,2286
269900,4,3,0.16,Hulett,1888
439000,3,3,0.21,Powell,2535
189000,2,2,80,Medicine Bow,1144
199000,7,4,0.24,Glenrock,3120
235000,3,2,0.18,Gillette,1784
1150000,8,6,8.77,Cheyenne,5982
305000,3,2,0.13,Cheyenne,1472
850000,3,2,10,Baggs,2046
140000,2,1,0.16,Pine Bluffs,1061
795000,3,2,80,Rawlins,4848
9400000,3,3,0.5,Jackson,4603
169000,2,2,0.16,Cheyenne,1872
534900,5,3,0.18,Gillette,3119
365000,3,1,0.16,Pinedale,1200
180000,3,1,0.15,Evanston,1012
179500,3,2,0.9,Newcastle,1736
225000,5,2,0.15,Thermopolis,1808
638186,5,3,35,Cheyenne,2994
656900,3,2,0.34,Casper,4114
145000,4,2,0.22,Torrington,2292
699900,3,3,0.29,Casper,4321
250000,4,2,0.59,Wheatland,3704
849900,3,2,5,Cody,2085
205000,4,2,0.2,Torrington,2160
79900,2,1,0.11,Sinclair,920
365000,4,3,0.22,Cheyenne,1880
425000,4,3,0.28,Green River,4000
195000,3,2,0.25,Torrington,2038
80000,6,4,0.12,Hanna,3424
349000,4,2,4.31,Thermopolis,2746
301000,4,2,0.08,Laramie,1632
135000,2,1,0.28,La Barge,858
395000,4,2,0.18,Cheyenne,2446
290000,4,2,0.17,Cheyenne,2464
455054,3,2,0.32,Cheyenne,3884
262000,3,1,0.13,Cheyenne,1447
654000,3,2,9.9,Powell,2464
1500000,4,5,8.84,Alcova,7000
865000,5,3,71.61,Cheyenne,3036
649000,5,3,0.18,Laramie,3914
195000,3,3,0.08,Rock Springs,1360
499000,3,2,0.22,Cheyenne,2626
453500,2,2,0.11,Alpine,1145
269900,5,3,0.29,Gillette,2376
110000,4,2,0.22,Rawlins,1440
248500,3,2,0.14,Newcastle,1484
380000,2,2,8.56,Carpenter,1026
255000,4,2,0.21,Gillette,1976
530400,3,2,13,Carpenter,2756
825000,3,2,76.49,Powell,1698
194900,2,1,0.08,Cheyenne,660
99900,3,2,0.17,Evanston,1410
99000,3,2,5,Upton,1836
1750000,4,4,5.85,Etna,3926
565000,7,3,5.68,Laramie,5072
1599000,2,3,20.39,Cody,1380
353000,3,2,0.18,Bar Nunn,3204
114900,3,1,0.07,Worland,1224
175000,3,1,0.11,Rock Springs,1195
369900,4,3,0.62,Riverton,2064
475000,4,2,0.19,Casper,3062
517300,3,2,35,Cheyenne,3018
190000,4,2,0.24,Torrington,1988
1050000,3,3,5.14,Etna,2624
240000,2,2,0.13,Cheyenne,1722
554707,3,3,8.65,Cheyenne,3750
375000,4,3,5.17,Gillette,2356
210000,3,2,0.13,Sheridan,1400
214900,4,4,0.2,Rock Springs,972
437500,2,2,0.11,Alpine,1145
455000,3,2,0.28,Wheatland,4478
380000,7,4,0.18,Worland,3456
465000,3,2,0.18,Cheyenne,2940
569999,5,6,0.3,Rock Springs,4905
325000,4,2,2.5,Gillette,2176
668900,3,2,0.21,Cheyenne,3686
249900,3,3,0.21,Gillette,1561
725000,3,2,3,Dubois,2400
180000,2,1,0.1,Casper,900
619000,3,2,6.6,Cheyenne,3440
239900,3,2,0.39,Marbleton,1727
398000,7,3,0.38,Lyman,2656
265000,5,3,0.14,Gillette,3432
300000,7,4,0.19,Thermopolis,2845
147900,2,1,0.14,Rawlins,672
275000,4,2,0.1,Cheyenne,1964
695000,3,2,0.58,Saratoga,2565
1169000,7,4,4.06,Cheyenne,4134
1650000,2,2,0.1,Wilson,1006
450000,3,2,4.38,Lander,2062
197000,5,2,0.14,Gillette,1578
175000,3,2,0.16,Moorcroft,1632
665000,3,2,4.95,Cheyenne,3606
593090,6,3,35,Carpenter,3016
350000,5,3,0.16,Moorcroft,3848
899000,4,3,2.24,Cody,2958
338000,4,2,0.32,Cheyenne,1965
950000,5,4,35.01,Sheridan,5244
699500,5,4,1,Alcova,4992
1250000,4,4,40.88,Gillette,2760
320000,3,2,0.42,Cheyenne,1344
280000,5,2,0.17,Cheyenne,2064
457500,3,3,1.11,Riverton,3016
159000,3,3,0.05,Gillette,1256
565000,4,3,0.19,Cheyenne,2888
242000,3,2,0.21,Gillette,1568
383000,4,2,0.16,Cheyenne,1940
299000,3,2,0.25,Sheridan,1536
385000,3,2,0.32,Basin,3587
623445,3,2,0.17,Cheyenne,3389
698000,5,4,0.23,Rock Springs,3647
155000,2,1,0.09,Gillette,1084
559000,3,2,0.19,Powell,1735
125000,2,1,0.14,Sheridan,736
158000,4,1,0.22,Newcastle,1636
1200000,6,5,11.37,Wheatland,3983
949999,4,3,2.74,Powell,3147
169000,2,1,0.05,Cody,748
2500000,3,2,77.68,Cody,2251
355000,5,3,0.17,Cheyenne,2173
575000,5,3,0.22,Casper,4262
3500000,3,3,0.5,Jackson,3383
245000,4,2,0.15,Green River,3648
315000,3,2,0.14,Cheyenne,1614
170000,1,2,0.1,Meeteetse,2006
849000,4,4,3.82,Fort Bridger,3505
42000,3,2,0.03,Rock Springs,1280
340000,4,2,0.21,Cheyenne,1728
528000,3,2,1.56,Lander,2080
960000,9,5,40,Four Corners,7600
250000,4,2,0.46,Newcastle,2400
280000,4,2,9.04,Riverton,2052
209900,4,2,0.2,Rawlins,2466
368000,3,3,1.09,Story,2065
399000,5,3,0.16,Cheyenne,2200
575000,7,4,5.21,Thermopolis,4442
634900,3,2,3.69,Dubois,1768
699000,4,3,5,Thermopolis,4242
595000,4,2,5.17,Laramie,2108
591900,5,3,0.26,Casper,3403
229000,3,2,2,Gillette,1620
749000,3,2,15.16,Centennial,1648
1850000,3,3,0.76,Cody,1820
357500,2,1,20,Sundance,890
150000,2,1,35.01,Bosler,1052
315000,4,2,0.15,Gillette,2436
295000,2,1,0.25,Cheyenne,1728
120000,4,2,0.22,Rawlins,2008
330000,4,2,0.13,Cheyenne,1872
239900,3,2,0.13,Rawlins,1740
350000,3,2,1.97,Evanston,1152
4950000,4,6,42,Cody,13707
220000,3,4,5,Wright,1680
180000,3,2,0.1,Rock Springs,1267
497000,4,3,0.21,Laramie,2902
389000,4,2,0.19,Cheyenne,2824
220000,3,2,0.19,Douglas,1326
155000,3,1,0.06,Casper,860
2500000,4,4,14.14,Etna,3344
295000,2,2,0.15,Cheyenne,1888
249900,4,2,0.17,Gillette,2288
239900,5,3,0.26,Riverton,2064
500000,8,4,0.16,Wheatland,2888
825000,4,4,0.36,Sheridan,3846
1155000,4,3,1.59,Alpine,3540
240000,3,3,0.09,Cheyenne,1482
355000,4,2,0.16,Cheyenne,2186
540000,4,3,0.2,Casper,2926
325000,3,3,0.17,Evansville,2660
495000,2,2,0.11,Alpine,1145
165000,3,1,0.13,Lovell,1116
2500000,4,5,1.73,Newcastle,4022
379900,4,4,0.19,Cheyenne,2568
350000,4,2,0.26,Byron,2000
250000,3,2,0.23,Riverton,1811
504590,3,2,0.19,Cheyenne,3195
599900,4,3,0.49,Sundance,2923
279000,4,2,0.28,Gillette,1650
300000,2,2,0.14,Cheyenne,1536
525000,3,2,0.4,Star Valley Ranch,1501
215000,3,2,0.3,Gillette,2304
1550000,2,1,40,Buffalo,1400
1125000,2,1,1.23,Afton,884
525000,3,2,0.33,Pinedale,1552
187000,4,2,0.24,Guernsey,2344
1379000,5,7,5.06,Jackson,7263
309900,4,3,0.14,Gillette,2160
74900,3,2,0.17,Wheatland,1280
425000,4,2,0.19,Laramie,1831
104000,2,2,0.06,Green River,1656
525000,6,3,0.33,Thermopolis,5048
840000,3,4,6.31,Evanston,3555
699000,2,2,0.85,Wilson,1736
450900,5,3,11.99,Gillette,3900
175000,3,2,0.26,Marbleton,2240
179900,1,1,0.17,Casper,1400
240000,5,2,0.18,Worland,2168
899000,4,2,7.37,Robertson,3388
409900,5,3,0.23,Casper,2974
389900,3,3,0.13,Laramie,2752
408900,3,3,0.11,Mills,2408
219000,2,1,0.17,Lander,1012
550000,3,2,1.95,Dubois,1800
599000,2,2,0.77,Star Valley Ranch,1942
588900,3,2,0.5,Mills,3457
325000,3,1,2,Powell,1235
670900,3,2,0.36,Casper,4079
174500,3,1,0.27,Wheatland,1104
324000,4,3,0.19,Gillette,2424
169900,3,2,0.15,Rawlins,1468
995000,4,3,5.39,Worland,4179
240000,4,3,0.16,Gillette,1920
615000,3,2,0.22,Cheyenne,3359
495000,2,2,0.11,Alpine,1145
319000,3,2,0.14,Sheridan,1976
985000,6,3,0.44,Evanston,5905
269900,3,2,2.61,Rozet,1596
319000,4,2,0.2,Laramie,2500
659900,3,2,0.21,Cheyenne,3440
77000,2,1,0.17,Lusk,1696
360000,4,3,1.32,Casper,2394
399000,3,2,0.16,Sheridan,2730
87000,3,1,0.91,Torrington,1500
129000,2,1,0.26,Thermopolis,884
235000,3,3,0.03,Casper,2136
309000,3,3,0.13,Riverton,1893
349000,3,3,0.08,Sheridan,1639
220000,5,2,0.23,Gillette,2500
474900,3,2,0.22,Sheridan,1636
1159000,2,2,0.06,Jackson,1046
2995000,4,3,3.36,Jackson,3136
139900,3,2,0.25,Kemmerer,1848
651639,3,4,7.93,Cheyenne,3750
518500,5,3,0.21,Cheyenne,2820
205000,3,2,0.76,Wright,1339
375000,5,3,0.21,Cheyenne,2806
384900,5,3,1,Rock Springs,2561
2965000,4,4,0.14,Jackson,2646
365000,7,4,1.04,Riverton,4272
315000,3,1,0.15,Cody,1152
315000,3,3,0.05,Cheyenne,1570
325000,4,2,0.37,Cheyenne,2328
279900,3,1,0.17,Saratoga,1000
475000,3,2,0.11,Cheyenne,2890
375000,2,2,2,Dubois,1080
2900000,7,6,1.71,Cody,9148
463285,3,2,0.19,Cheyenne,2741
378000,2,1,0.6,Dubois,1100
9750000,3,3,5.14,Jackson,3914
196000,3,2,0.23,Ten Sleep,1216
649900,4,3,0.51,Star Valley Ranch,2146
589500,3,2,0.22,Cheyenne,3318
418000,3,2,0.18,Gillette,3002
439000,3,2,10,Lander,1624
395000,3,2,10.7,Rozet,1905
571500,3,2,12.9,Carpenter,3010
950000,5,5,1.5,Cheyenne,4336
228000,2,2,0.16,Gillette,1414
446690,3,3,0.19,Cheyenne,2269
365000,5,3,0.11,Cheyenne,2340
1500000,4,1,325,Clark,1526
295000,3,2,0.15,Cheyenne,1586
435000,3,2,0.17,Gillette,3400
119500,2,1,0.24,Riverton,784
825000,5,3,41.65,Sheridan,4272
44000,2,1,0.26,Greybull,1000
5495000,5,6,0.21,Jackson,4127
330000,3,2,0.22,Cheyenne,2514
1550000,2,1,40,Buffalo,1400
179900,3,1,0.15,Rawlins,1269
559000,6,3,0.17,Cody,3082
6900000,2,3,2,Alpine,3187
6000000,7,8,15.72,Story,7405
519000,6,3,0.2,Cody,3138
349000,3,2,0.14,Powell,1544
475000,3,1,7,Emblem,1215
284000,3,3,0.18,Rock Springs,2104
299900,4,3,2.5,Gillette,2128
279900,4,2,0.16,Torrington,1400
279900,5,2,0.24,Casper,2576
569000,3,3,0.28,Pinedale,2200
349000,5,3,0.14,Thermopolis,3292
274900,5,4,0.31,Wright,2128
550000,2,1,0.13,Alpine,936
867000,4,4,0.34,Afton,3094
199000,2,1,0.15,Glendo,1240
849000,5,4,2.23,Pinedale,4096
310000,3,3,0.07,Laramie,1730
535000,3,3,0.29,Cody,1935
199900,4,2,0.36,Rawlins,1833
159900,2,1,0.11,Cheyenne,1296
110000,1,1,0.16,Gillette,540
443500,2,2,0.11,Alpine,1145
595000,4,2,0.4,Star Valley Ranch,1585
615000,3,3,9.9,Cheyenne,3096
3000000,3,2,0.65,Wilson,2034
235000,3,2,0.25,Green River,1678
398000,3,2,0.29,Laramie,1616
245000,3,2,0.26,Gillette,1512
249000,3,2,0.19,Casper,1533
250000,3,2,3.17,Worland,1935
365000,3,2,0.26,Gillette,1898
370000,4,3,0.16,Rock Springs,2744
58000,3,1,0.19,Lusk,1640
529000,5,4,2.21,Cheyenne,4120
612000,4,3,0.53,Etna,1822
695000,4,1,4.19,Powell,2220
244900,4,2,0.19,Gillette,2432
550000,3,2,0.2,Evanston,3000
650000,3,3,1,Buffalo,4127
425000,4,2,0.3,Sheridan,2652
699000,5,4,1.82,Sheridan,2784
149900,3,2,0.26,Baggs,1056
600000,3,2,4.95,Cheyenne,3484
523950,3,3,0.05,Sheridan,1654
355000,5,3,0.22,Rock Springs,2080
750000,6,4,0.57,Riverton,5832
430000,3,2,6.7,Casper,1840
299000,3,2,0.62,Cody,2085
265000,3,4,0.27,Marbleton,1325
105000,3,2,0.11,Glenrock,1664
665000,4,3,0.2,Cheyenne,3241
239500,4,3,0.32,Wheatland,2026
349995,4,4,0.21,Cheyenne,2200
198000,3,2,5.45,Rozet,1280
295000,2,1,0.13,Cheyenne,1724
588500,3,2,6.88,Cheyenne,2717
384900,3,4,0.39,Cheyenne,2140
174900,3,3,0.04,Gillette,1310
110000,3,2,0.1,Torrington,1731
450000,4,3,0.14,Cheyenne,2526
375500,3,3,0.07,Cheyenne,2359
570000,3,2,2.83,Casper,2374
450000,3,3,0.08,Sheridan,2746
465000,3,2,0.17,Powell,1400
405000,4,3,0.21,Cheyenne,2246
699999,5,3,2.5,Fairview,3221
198000,3,2,0.16,Thermopolis,1144
964000,3,4,0.04,Teton Village,3212
385000,3,2,10.13,Riverton,1512
462740,3,2,35.02,Cheyenne,3010
635859,3,2,0.25,Cheyenne,3829
329000,4,2,0.16,Cheyenne,2136
367900,3,2,0.13,Cheyenne,2284
230000,3,2,0.75,Big Piney,1602
109900,2,1,0.26,Pine Haven,1020
405000,3,3,0.14,Cheyenne,3029
1390000,5,5,1.5,Cheyenne,6496
740000,3,2,4.89,Cheyenne,3892
229000,3,1,0.25,Afton,1260
665000,4,3,0.56,Buffalo,2230
789900,4,4,36,Laramie,4528
711530,5,4,0.2,Cheyenne,3586
558100,4,3,35.96,Cheyenne,3234
475000,5,3,0.17,Cheyenne,2652
3500000,3,2,360,Greybull,1904
5900000,6,5,1726,Powell,3967
4995000,5,5,26.89,Alpine,6962
665000,4,3,2.1,Cheyenne,3236
850000,3,2,12.66,Afton,1848
229900,4,3,0.18,Gillette,1740
925000,3,2,4.35,Thayne,1512
275000,3,2,5.06,Gillette,1512
88500,2,1,0.08,Casper,936
60000,3,1,0.19,Lusk,1488
296000,3,2,0.06,Saratoga,1260
210000,3,3,0.13,Gillette,1212
680000,5,3,5.03,Gillette,3528
130000,3,1,0.27,Fort Laramie,1444
294900,4,2,0.95,Gillette,2618
469000,4,2,0.28,Cody,3024
347000,4,2,0.18,Powell,2232
1000000,2,2,110,Carpenter,2376
875000,3,3,2.71,Pinedale,2760
229900,4,2,0.16,Rawlins,2040
277500,3,2,0.3,Riverton,2265
389000,3,3,0.24,Sheridan,1932
289000,4,2,0.17,Rock Springs,2160
3000000,4,5,9.66,Sheridan,5689
299900,4,4,0.44,Gillette,2310
636000,4,5,0.25,Laramie,5164
560000,4,3,0.5,Cody,2100
879000,4,3,35.02,Alva,3372
1500000,3,3,35,Pinedale,3104
677750,3,3,8.82,Cheyenne,3494
238000,3,2,0.2,Green River,1336
499000,3,2,4.54,Cheyenne,3720
168000,3,2,0.16,Gillette,1664
425000,5,2,0.13,Cheyenne,2582
11995000,4,4,1.12,Jackson,4995
375000,3,2,0.25,Burns,2704
274500,3,2,0.18,Wheatland,2200
169000,3,2,1.07,Lander,1216
280000,2,1,0.2,Cody,756
605000,3,2,0.26,Cheyenne,3846
1325000,4,3,2.07,Alpine,2460
875000,5,5,0.75,Rock Springs,5396
799000,5,4,3.03,Cheyenne,4808
330000,3,2,0.27,Ranchester,1300
3000000,5,4,3.83,Bondurant,5116
699300,4,3,0.45,Dayton,3764
159000,3,2,0.15,Douglas,1014
75000,2,1,0.5,Upton,703
523950,3,3,0.05,Sheridan,1654
469000,3,2,0.22,Thayne,1337
135000,2,1,0.12,Buffalo,1028
390000,4,4,0.14,Cheyenne,2191
245000,2,1,0.15,Cheyenne,1036
430000,4,2,10.65,Boulder,1876
209900,4,3,0.21,Gillette,2480
236000,3,1,0.15,Lovell,1672
375000,3,3,0.17,Cheyenne,2275
315000,5,2,0.14,Laramie,2418
495000,4,2,14.56,Clark,2250
315000,3,2,0.16,Cheyenne,1475
585000,2,3,0.11,Sheridan,3855
164900,3,1,0.5,Shoshoni,1264
334000,5,3,0.2,Casper,2800
375000,3,3,0.12,Cheyenne,1852
100000,2,1,0.09,Kemmerer,1320
749000,3,2,5,Cody,2072
195000,3,2,0.11,Rock Springs,1760
132500,4,2,0.04,Rock Springs,1968
899000,6,5,1.57,Cheyenne,5372
495000,2,2,0.11,Alpine,1145
1600000,2,4,160,Clark,3344
269000,2,1,0.32,Sheridan,780
895000,3,3,1.03,Star Valley Ranch,2804
160000,3,2,0.16,Newcastle,3008
399999,4,2,0.33,Newcastle,1892
1730000,5,4,8.37,Cody,8403
229900,4,2,0.16,Worland,2232
55000,2,1,0.39,Cokeville,713
260000,3,3,0.59,Cheyenne,1680
229000,4,2,0.24,Gillette,2128
110000,4,2,0.01,Wright,1512
695000,3,4,0.4,Casper,5002
230000,4,2,0.19,Cokeville,2232
565000,5,3,4.54,Cheyenne,2972
2899000,3,4,27.85,Cody,4230
265000,3,2,0.46,Cheyenne,1967
603000,3,3,0.05,Sheridan,1781
299000,3,1,4.82,Rolling Hills,1944
545000,4,3,0.31,Cheyenne,3079
349900,3,2,0.13,Cheyenne,2307
334000,3,2,0.24,Torrington,1600
469000,3,3,22.99,Riverton,1986
358900,3,3,0.13,Cheyenne,2568
110000,1,1,0.21,Riverton,964
1200000,3,2,163,Hulett,2280
198900,2,1,0.14,Riverton,774
299000,4,3,0.18,Evanston,2094
429900,3,2,0.17,Rock Springs,3048
285000,4,3,0.22,Gillette,2084
2500000,3,2,26.89,Merna,1830
123500,3,2,0.25,Newcastle,1596
845000,4,4,0.03,Cody,2664
6500000,3,2,400,Buffalo,2166
485000,6,4,0.23,Laramie,2664
382000,3,2,0.17,Cheyenne,1706
385000,4,2,0.16,Laramie,2070
20000,1,1,0.1,Thermopolis,696
139500,2,1,0.34,Upton,1199
950000,2,1,0.04,Jackson,644
625000,3,2,0.63,Etna,1607
245000,3,2,0.25,Torrington,3108
629000,4,2,4.43,Moorcroft,3240
294900,3,3,0.23,Gillette,2156
699000,4,2,54.95,Pavillion,2640
269000,4,2,0.18,Gillette,1920
370000,3,3,0.15,Cheyenne,2050
200000,2,1,0.15,Laramie,1026
335000,5,2,0.18,Cheyenne,2286
369000,5,2,0.16,Rock Springs,3388
349900,4,3,1.52,Rawlins,3400
287000,5,3,0.52,Marbleton,3720
497650,3,2,4.94,Cheyenne,3016
325000,3,1,0.16,Cheyenne,1920
975000,5,5,0.34,Green River,5252
499900,4,4,41.56,Gillette,2626
380000,3,2,6.21,Cheyenne,1512
125000,5,2,0.96,Arminto,1550
349500,3,3,0.08,Laramie,2046
279000,3,3,0.07,Cheyenne,1480
162000,3,1,0.1,Thermopolis,1147
5900000,4,6,0.17,Jackson,3492
568900,5,4,0.68,Rawlins,5326
274900,4,3,0.18,Casper,2484
399000,6,4,0.2,Lander,2356
449500,5,3,0.23,Lander,2236
469000,5,3,2.21,Riverton,3118
340000,5,3,0.2,Powell,3218
715000,4,3,0.56,Sundance,2940
997500,3,2,16.57,Powell,2529
342500,3,3,0.19,Gillette,2398
579000,5,3,5.66,Dubois,1680
580000,3,2,0.5,Star Valley Ranch,1501
360000,4,2,0.16,Laramie,2272
255000,3,3,0.21,Gillette,3028
337000,3,2,35.1,Fort Laramie,2088
557800,3,2,0.2,Sheridan,3234
175000,3,1,0.26,Powell,1181
3250000,6,9,2.07,Sheridan,12610
445000,3,3,0.2,Laramie,2216
519950,3,5,9.51,Granite Canon,3869
389900,3,3,0.1,Mills,2376
182500,3,2,0.27,Rawlins,2064
259900,4,2,0.16,Gillette,1794
199000,3,2,0.34,Lusk,1496
290000,3,1,0.19,Casper,1640
443500,2,2,0.11,Alpine,1145
659000,3,4,0.06,Sheridan,2146
130000,3,1,0.16,Newcastle,1534
159000,2,2,0.19,Newcastle,1876
330000,3,2,5.11,Laramie,938
250000,4,3,0.31,Thermopolis,2898
489000,2,2,10.01,Douglas,1740
360000,4,2,0.17,Cheyenne,2150
695000,3,2,0.6,Alpine,1254
765000,5,3,4.92,Cheyenne,3820
795000,6,3,4.91,Cheyenne,4013
269000,4,3,0.52,Upton,2128
3995000,3,1,2652,Boulder,2730
360000,5,3,0.06,Laramie,2224
795000,5,3,0.51,Thayne,3173
295000,3,2,0.13,Cheyenne,1536
975000,5,4,20,Casper,4358
200000,4,2,0.2,Glenrock,1872
315000,4,2,0.26,Cheyenne,2112
299900,3,2,0.15,Cheyenne,1935
423500,4,2,21.24,Newcastle,2352
523599,2,2,8.86,Cheyenne,2100
1135000,4,4,7.93,Cody,4581
3295000,3,2,3.22,Jackson,1912
95000,3,2,0.2,Sheridan,1731
149900,2,2,0.19,Thermopolis,1584
216500,4,3,0.19,Douglas,1585
219900,3,3,0.18,Gillette,2640
335000,4,2,0.25,Worland,2608
3500000,3,4,0.59,Wilson,2477
469000,4,2,8.29,Torrington,2524
149000,4,1,0.13,Thermopolis,1286
275000,4,2,0.09,Laramie,1816
425000,3,3,0.38,Guernsey,3160
249900,3,2,0.17,Gillette,1298
1200000,4,3,17.8,Casper,2910
180000,4,2,0.28,La Barge,1809
1250000,3,3,40,Laramie,3342
495000,2,2,0.11,Alpine,1145
2200000,3,1,300,Manderson,1322
259900,3,3,0.23,Gillette,2013
1450000,3,3,20,Dubois,3000
439900,4,2,18.6,Burns,3428
675000,3,3,31.15,Newcastle,9317
4000000,5,5,429,Lovell,4940
67000,3,2,0.37,Lusk,1840
529000,3,2,3.01,Cheyenne,2716
240000,3,1,0.84,Dubois,782
200000,3,2,1,Laramie,1196
219900,3,2,0.28,Gillette,1800
299000,3,2,0.21,Cheyenne,1488
655344,3,3,9.12,Cheyenne,3900
2500000,1,1,313.14,Ucross,600
330000,3,2,0.22,Laramie,1744
575000,3,3,2.5,Etna,1931
690000,3,4,5.86,Dubois,2570
480000,3,2,11.52,Cheyenne,2019
729556,4,2,8.19,Cheyenne,4448
615000,4,3,4.12,Cheyenne,3667
235000,3,2,0.17,Cheyenne,1352
1075000,6,3,19.18,Kaycee,2808
249000,2,2,0.17,Lander,1626
2100000,3,4,0.05,Jackson,1609
495000,2,1,0.69,Lander,968
280000,2,1,0.15,Cheyenne,1440
360000,3,2,0.21,Cheyenne,1946
649000,4,3,3.95,Pinedale,2560
300000,4,3,0.21,Torrington,3052
80000,4,2,0.17,Riverton,1484
344000,3,2,0.24,Sheridan,2313
99900,2,2,0.04,Gillette,899
665000,3,2,4.03,Cheyenne,3446
670831,5,3,7.67,Cheyenne,3548
240000,3,2,0.24,Wheatland,2063
235000,4,2,1,Moorcroft,1836
275000,3,2,0.09,Sheridan,2208
799000,2,2,6,Cody,2616
285000,3,2,7.9,Riverton,2016
699000,3,2,6,Cora,2560
1625000,4,4,0.39,Alpine,2592
272000,4,2,0.15,Cheyenne,1732
289750,3,2,0.14,Cheyenne,1344
538800,5,4,0.26,Laramie,3488
527860,3,3,8.82,Cheyenne,3750
302500,3,2,5.29,Thermopolis,1460
430000,5,3,0.21,Gillette,2789
149900,3,2,0.19,Gillette,1186
215000,3,1,0.19,Rock Springs,1200
285000,3,2,3.35,Riverton,3330
299000,4,2,1.29,Pinedale,1996
110000,3,1,0.13,Mills,1264
260000,4,2,0.13,Cheyenne,2132
525000,3,2,4.68,Cheyenne,3158
425000,4,3,0.15,Cheyenne,2002
375500,3,3,0.07,Cheyenne,2359
4490000,3,4,415,Sundance,2880
345000,5,3,1.24,Riverton,3290
270000,4,2,0.24,Marbleton,2152
179900,2,1,0.22,Douglas,1016
549000,4,4,0.2,Laramie,2982
269000,3,2,0.16,Gillette,1493
589000,5,3,0.17,Sheridan,2746
694500,3,2,5.25,Cheyenne,3786
975000,6,3,1.64,Dubois,3500
349900,4,3,0.19,Casper,3014
669900,6,5,0.39,Gillette,5408
699000,4,5,3.64,Cody,4248
335000,4,2,0.18,Gillette,2520
475000,4,3,8.82,Moorcroft,2514
459000,5,3,36.48,Rawlins,2400
330000,3,2,0.42,Wheatland,1706
410000,4,3,0.25,Cheyenne,3348
1249000,3,3,0.86,Buffalo,3472
248500,3,2,0.14,Cheyenne,1540
2495000,3,3,15.14,Bedford,3910
372500,3,3,0.12,Cody,2552
527700,3,2,4.55,Cheyenne,3010
479900,4,4,0.4,Gillette,2875
390000,4,3,0.15,Cheyenne,1882
2895000,4,3,2.25,Jackson,1920
790000,6,4,5.45,Gillette,5600
100000,2,1,0.16,Kemmerer,940
485000,2,3,0.69,Dubois,1755
649000,4,3,0.23,Cheyenne,3360
480000,3,3,0.19,Cheyenne,1846
435000,4,2,0.4,Lander,2250
3750000,4,3,45.29,Ten Sleep,2944
540000,4,4,0.13,Cheyenne,2762
217000,2,1,0.11,Cheyenne,1440
339000,5,3,0.26,Gillette,2424
770000,5,3,0.5,Cody,4460
99000,3,2,0.17,Frannie,1462
425000,4,4,0.17,Cheyenne,2486
105000,2,1,0.16,Arvada,1486
350000,4,3,5,Riverton,2080
52000,3,2,0.29,Medicine Bow,1200
155000,3,2,0.06,Rock Springs,1968
855000,4,4,4.99,Cheyenne,5237
210000,4,2,0.19,Casper,1878
525000,2,3,0.13,Cheyenne,3247
800000,3,2,71.45,Gillette,4846
239900,4,3,0.14,Casper,2208
315000,3,1,0.16,Sheridan,1141
80000,2,2,0.26,Fort Laramie,960
339900,3,2,0.76,Gillette,1656
379900,5,3,0.21,Laramie,2268
509970,3,2,35,Cheyenne,3010
1400000,4,3,40,Buffalo,4368
519000,3,2,0.25,Thayne,1496
260000,3,3,0.6,Cheyenne,1680
199000,4,2,0.19,Riverton,1920
7900000,3,3,52,Alta,3862
397000,3,2,0.95,Pinedale,1346
330000,4,2,0.1,Cheyenne,2184
355000,4,3,0.18,Rock Springs,2802
319900,5,2,0.19,Cheyenne,2086
825000,3,2,40,Kaycee,1418
390000,3,2,0.17,Gillette,3056
279900,4,2,0.22,Pinedale,2288
639000,4,4,0.28,Sheridan,2144
1600000,6,7,4.42,Cheyenne,9368
339900,5,3,0.16,Gillette,2424
2250000,3,3,36.98,Cody,4912
285000,3,3,0.47,Moorcroft,2200
568400,3,2,13,Carpenter,2996
195000,3,3,0.17,Douglas,1566
388000,3,2,0.14,Cheyenne,2484
899000,4,4,2.92,Sheridan,3752
7995000,3,4,0.04,Teton Village,3183
600000,4,3,0.13,Cheyenne,2928
410000,2,2,0.13,Cheyenne,2935
245000,3,2,0.11,Laramie,1216
655000,3,3,1.04,Star Valley Ranch,1615
179900,3,3,0.07,Rock Springs,2237
549800,4,3,9.6,Cheyenne,4166
454900,5,5,0.1,Laramie,3780
258000,3,3,0.07,Cheyenne,1482
575000,5,5,0.34,Gillette,4142
925000,3,2,162.88,Laramie,2043
209000,4,2,0.24,Lyman,2130
649300,4,3,3.7,Gillette,4300
2600000,3,2,1,Wilson,1508
550000,4,2,3.38,Powell,2392
285000,3,2,0.24,Gillette,2164
680000,6,6,0.17,Sheridan,4378
469000,4,3,0.17,Sheridan,2184
575000,5,3,0.22,Sheridan,3104
6900000,4,3,1.03,Jackson,3918
155000,3,4,0.18,Cheyenne,1050
229900,4,2,0.18,Gillette,2080
444000,3,3,1,Evanston,1836
340000,3,3,0.11,Cheyenne,2130
87500,3,1,0.19,Glenrock,1193
179000,2,2,1.33,Riverton,1210
298000,3,2,0.21,Laramie,1296
1500000,3,3,81,Buffalo,2640
275000,2,2,2.6,Casper,2534
440525,3,3,0.18,Gillette,2667
194900,3,2,0.27,Wright,1620
675000,3,3,5.25,Cheyenne,3652
625000,2,1,1.05,Freedom,1073
849000,16,6,2.87,Laramie,5760
695000,5,2,0.37,Laramie,3706
1599000,3,1,157,Riverton,850
399000,2,2,9.62,La Barge,2988
155000,4,2,0.27,Cheyenne,2223
135000,4,2,0.29,Lusk,2852
695000,5,5,0.22,Afton,3236
210000,2,2,0.32,Newcastle,2036
615000,5,3,2.23,Buffalo,4780
495000,2,2,0.11,Alpine,1145
175000,7,4,0.22,Rock Springs,4478
344000,3,2,15.02,Buffalo,1792
599900,4,3,35.03,Cheyenne,3048
2100000,4,3,2.64,Cody,2868
325000,4,2,10,Yoder,2356
529510,4,3,0.19,Sheridan,2170
599000,3,2,0.33,Evanston,4686
293000,4,2,0.11,Casper,2280
260000,3,2,0.14,Laramie,1344
370000,3,3,0.21,Cheyenne,2332
195000,4,2,0.17,Green River,1666
497000,6,6,0.55,Thermopolis,2460
425000,3,2,3.91,Cheyenne,1758
315000,4,3,10,Wright,2012
453500,2,2,0.11,Alpine,1145
990000,3,3,2.59,Alpine,2647
749900,4,5,34.98,Laramie,3900
659000,3,4,0.06,Sheridan,2146
850000,5,4,0.32,Cheyenne,4570
251900,2,1,0.1,Laramie,1365
900000,3,3,1.5,Cheyenne,4926
820000,5,4,0.33,Cheyenne,5122
200000,2,1,4.94,Gillette,1120
1200000,3,3,8.15,Freedom,2819
755000,5,3,0.26,Cheyenne,3720
215000,2,1,0.06,Cheyenne,1184
325000,3,3,0.07,Laramie,1730
450000,3,2,0.18,Cheyenne,3198
350000,3,3,0.17,Cheyenne,1632
215000,2,1,0.95,Cheyenne,798
522500,3,3,0.36,Cheyenne,2707
451600,4,3,0.13,Cheyenne,3196
446625,3,2,35,Carpenter,2756
1500000,6,4,7.96,Moorcroft,5768
319900,3,3,0.18,Gillette,2820
335000,2,2,0.09,Sheridan,1180
1900000,8,9,3.23,Laramie,17604
632000,3,3,18,Glenrock,2210
475000,4,3,0.17,Cheyenne,2660
345000,2,2,0.33,Newcastle,2918
539000,3,2,5.26,Cheyenne,2788
497970,3,2,0.2,Cheyenne,3520
299000,3,3,0.62,Gillette,1940
297000,3,2,0.3,Basin,2533
87500,4,1,0.27,Guernsey,1240
461300,5,3,35,Carpenter,2496
475000,3,2,8.98,Cheyenne,1789
678500,3,2,6.71,Cheyenne,3576
280000,5,4,0.27,Torrington,2499
249900,3,2,13,Cheyenne,1146
15000000,2,1,85,Jackson,1288
675000,3,3,31.15,Newcastle,9317
4700000,4,5,10,Alta,4288
210000,3,2,5,Daniel,952
529000,3,2,5.02,Cody,1175
148000,2,1,0.25,Mills,948
519000,3,2,0.19,Thayne,1496
646000,3,2,0.46,Sheridan,1994
330000,2,1,11.32,Clark,1232
215000,4,3,0.29,Rawlins,2332
685000,3,2,4.84,Cheyenne,3458
95000,2,1,0.16,Worland,780
229000,2,2,3.21,Rawlins,1176
235000,2,2,0.18,Casper,1332
365000,4,3,0.17,Cheyenne,2112
749000,8,6,0.27,Buffalo,7415
595000,5,3,0.26,Cody,3734
599000,3,4,4.27,Powell,4228
1100000,3,2,3.29,Ten Sleep,2262
339900,3,2,0.67,Gillette,1656
641249,4,2,0.25,Cheyenne,4013
475000,3,3,28.32,Moorcroft,3456
300000,4,3,0.13,Cheyenne,2176
1450000,6,4,46.06,Laramie,5276
137000,2,2,0.16,Greybull,1112
1990000,5,4,9.64,Cody,6784
120000,2,1,0.15,Rawlins,1104
148500,2,1,0.2,Casper,2304
649900,2,2,35.51,Recluse,1184
75000,3,2,0.2,Marbleton,1225
10650000,4,4,1979,Sundance,8200
